# vendors.csv,system exclusive database,,,,,,,,,
,,,,,,,,,,
,,,,,,,,,,
]Vendor,VendorTable,None,,,,,,,,
]],Alias,Company Name,MMA sysex ID,,,,,,,
*,*ident,name,mma_id,,,,,,,
|,akai,Akai,(#47),,,,,,,
|,alesis,Alesis,(#00 00 0E),,,,,,,
|,behr,Behringer,(#00 20 32),,,,,,,
|,boss,Boss,(#41),,,,,,,
|,digitech,Digitech,(#00 00 10),,,,,,,
|,djtt,DJ TechTools,(#00 01 79),,,,,,,
|,dsi,Dave Smith Instruments,(#01),,,,,,,
|,emu,E-MU,(#18),,,,,,,
|,fishman,Fishman,(#00 01 6E),,,,,,,
|,kurzweil,Kurzweil,(#07),,,,,,,
|,livid,Livid,(#00 01 61),,,,,,,
|,maudio,M-Audio,(#00 20 08),,,,,,,
|,megalite,MegaLite,(#00 01 71),,,,,,,
|,mucom,Music Computing,(#00 01 76),,,,,,,
|,nova,Novation,(#00 20 29),,,,,,,
|,roland,Roland,(#41),,,,,,,
|,rld,Roger Linn Design,(#00 01 37),,,,,,,
|,yamaha,Yamaha,(#43),,,,,,,
,,,,,,,,,,
!END,,,,,,,,,,
,,,,,,,,,,
# device info,,,,,,,,,,
]Devices,DeviceInfo,,,,,,,,,
]],Model Name,Vendor ID,IDRQ Response,ID for protocol,Device Type,,,,,
*,*ident,vendor,id_response,proto_id,type,,,,,
|,NanoSynth,alesis,(#0E 00 07 00),(#0E),tg;if;fx,,,,,
|,FCB1010,behr,,(#0C),ctrl,,,,,
|,SE-50,boss,,(#37),fx,,,,,
|,DSP-256XL,digitech,,,fx,,,,,
|,GFX-1,digitech,,(#0C),fx,,,,,
|,GSP-21,digitech,,,fx,,,,,
|,MidiFighter3D,djtt,(#03 00 01 00),,ctrl,,,,,
|,MidiFighterSpectra,djtt,(#04 00 01 00),,ctrl,,,,,
|,MidiFighterTwister,djtt,(#05 00 01 00),,ctrl,,,,,
|,Evolver,dsi,(#20 00 00 00),,tg;seq,,,,,
|,Mopho,dsi,(#25 01 00 00),,tg;seq,,,,,
|,MophoX4,dsi,(#29 01 00 00),,tg;seq,,,,,
|,Xboard49,emu,(#02 40 01 00),,kb,,,,,
|,TriplePlay.1,fishman,(#00 01 00 01),,if,,,,,
|,TriplePlay.2,fishman,(#00 01 00 02),,if,,,,,
|,Krome,korg,(#15 01 17 00),,tg;kb,,,,,
|,Kronos_61,korg,(#68 00 17 00),,tg;kb,,,,,
|,R3,korg,(#7D 00 00 00),,tg;kb,,,,,
|,microKORG_XL,korg,(#7E 00 00 00),,tg;kb,,,,,
|,PC3LE8,kurzweil,(#00 40 00 0a),,tg;kb;seq,,,,,
|,Axiom61,maudio,(#63 0E 1A 03),,kb;ctrl,,,,,
|,Enlighten,megalite,(#01 00 10 00),,,,,,,
|,MIDI Controller,music_computing,(#01 00 05 00),,,,,,,
|,NovaModule,novation,(#01 00 21 00),,syn,,,,,
|,AdrenalinnIII,rld,(#01 00 03 00),(#03),efx;drum;seq,,,,,
,,,,,,,,,,
,,,,,,,,,,
,,,,,,,,,,
,,,,,,,,,,
,,,,,,,,,,
,,,,,,,,,,
,,,,,,,,,,
# FM Algorithms,,,,,,,,,,
#  C: carrier,,,,,,,,,,
#     M: modulator,,,,,,,,,,
#     ;N: modulated by,,,,,,,,,,
]FM_ALGOS,FMAlgoTable,,,,,,,,,
]],Device Model,Algorithm Number,Routing,Routing,Routing,Routing,Routing,Routing,Routing,Routing
*,model,algorithm,op1,op2,op3,op4,op5,op6,op7,op8
,refaceDX,1,C;2,M;3,M;4,M,,,,
,refaceDX,2,C;2,M;3;4,M,M,,,,
,refaceDX,3,C;2;4,M;3,M,M,,,,
,refaceDX,4,C;2;3,M;4,M;4,M,,,,
,refaceDX,5,C;2;3;4,M,M,M,,,,
,refaceDX,6,C,C;3,M;4,M,,,,
,refaceDX,7,C;3,C;3,M;4,M,,,,
,refaceDX,8,C;2,M,C;4,M,,,,
,refaceDX,9,C;4,C;4,C;4,M,,,,
,refaceDX,10,C,C;4,C;4,M,,,,
,refaceDX,11,C,C,C;4,M,,,,
,refaceDX,12,C,C,C,C,,,,
,DX100,1,C;2,M;3,M;4,M;4,,,,
,DX100,2,C;2,M;3;4,M,M;4,,,,
,DX100,3,C;2;4,M;3,M,M;4,,,,
,DX100,4,C;2;3,M,M;4,M;4,,,,
,DX100,5,C;2,M,C;4,M;4,,,,
,DX100,6,C;4,C;4,C;4,M;4,,,,
,DX100,7,C,C,C;4,M;4,,,,
,DX100,8,C,C,C,C;4,,,,
,,,,,,,,,,
,,,,,,,,,,
,,,,,,,,,,
]TG,,,,,,,,,,
#,device,class,polyphony,timbres,v_voices,u_voices,,,,
,S1000,TGSampler,32,16,0,,,,,
,S2000,TGSampler,32,16,0,,,,,
,S3000XL,TGSampler,32,16,0,,,,,
,MU100XG,TGRompler,64,32,,,,,,
,QY70,TGRompler,32,16,,,,,,
,MU10XG,TGRompler,32,16,,,,,,
,,,,,,,,,,
]TGSampler,,,,,,,,,,
#,device,ram,rates,programs,keygroups,samples,storage,,,
,S2000,2;32,44.1;22.05,,,,DSDD35;SCSI,,,
,,,,,,,,,,
,,,,,,,,,,
,,,,,,,,,,
,,,,,,,,,,
,,,,,,,,,,
]TGRompler,,,,,,,,,,
#,,,,,,,,,,
,,,,,,,,,,
,,,,,,,,,,
]TGSubractive,,,,,,,,,,
#,device,osc,noise,filters,envelopes,,,,,
,NovaModule,2,TRUE,12;18;24,,,,,,
,,,,,,,,,,
]TGOther,,,,,,,,,,
#,,,,,,,,,,
,,,,,,,,,,
]FX,,,,,,,,,,
#,device,patches,,stereo,mono,inline_loop,side_loop,,,
,MU100XG,0;17,,1;1,0;0,0;0,0;0,,,
,GFX1,128;128,,0;1,1;0,1;0,0;0,,,
,,,,,,,,,,
,,,,,,,,,,
]IF,,,,,,,,,,
#,device,MIDI_In,MIDI_Out,MIDI_Thru,USB_B,USB_A,Serial,Parallel,Other,
,MU100XG,2,2,0,0,0,1,0,0,
,QY70XG,1,1,0,0,0,1,0,0,
,MU10XG,1,1,0,0,0,1,0,0,
,MTPAV,8,8,0,0,0,2,1,0,
,MTPAV_USB,8,8,0,1,0,0,0,0,
,NanoSynth,1,1,0,0,0,1,0,0,
,,,,,,,,,,
,,,,,,,,,,
,,,,,,,,,,
,,,,,,,,,,
,,,,,,,,,,
,,,,,,,,,,
# MIDI Instruments (Voices),,,,,,,,,,
#  Grâce à Eric Hurtebis http://eric.hurtebis.chez-alice.fr/patches/inst.htm,,,,,,,,,,
# type (GM=0, GS=1, Roland SC-88=1A, MT-32=1B, XG=2),,,,,,
# patch number(+1), Bank Select MSB, LSB, instrument name,,,,,,,
]ROMPLER_SOUNDS,set,:name,bank_msb,bank_lsb,pc,,,,,
# PIANO,,,,,,,,,,
,GM,GM.Acoustic Grand Piano/Piano 1,0,0,1,,,,,
,GM,GM.Bright Acoustic Piano/Piano 2,0,0,2,,,,,
,GM,GM.Electric Grand Piano/Piano 3,0,0,3,,,,,
,GM,GM.Honky-tonk Piano,0,0,4,,,,,
,GM,GM.Electric Piano 1,0,0,5,,,,,
,GM,GM.Electric Piano 2,0,0,6,,,,,
,GM,GM.Harpsichord,0,0,7,,,,,
,GM,GM.Clavinet,0,0,8,,,,,
,GM,GM.Celesta,0,0,9,,,,,
,GM,GM.Glockenspiel,0,0,10,,,,,
,GM,GM.Music Box,0,0,11,,,,,
,GM,GM.Vibraphone,0,0,12,,,,,
,GM,GM.Marimba,0,0,13,,,,,
,GM,GM.Xylophone,0,0,14,,,,,
,GM,GM.Tubular bells,0,0,15,,,,,
,GM,GM.Dulcimer/Santur,0,0,16,,,,,
,GM,GM.Drawbar Organ/Organ 1/Hammond,0,0,17,,,,,
,GM,GM.Percussive Organ/Organ 2,0,0,18,,,,,
,GM,GM.Rock Organ/Organ 3,0,0,19,,,,,
,GM,GM.Church Organ,0,0,20,,,,,
,GM,GM.Reed Organ,0,0,21,,,,,
,GM,GM.Accordion /Fr,0,0,22,,,,,
,GM,GM.Harmonica,0,0,23,,,,,
,GM,GM.Tango Accordion/Bandoneon,0,0,24,,,,,
,GM,GM.Acoustic Guitar(nylon)/Nylon-str Gt.,0,0,25,,,,,
,GM,GM.Acoustic Guitar(steel)/Steel-str Gt.,0,0,26,,,,,
,GM,GM.Electric Guitar(jazz)/Jazz Gt.,0,0,27,,,,,
,GM,GM.Electric Guitar(clean)/Clean Gt.,0,0,28,,,,,
,GM,GM.Electric Guitar(muted)/Muted Gt.,0,0,29,,,,,
,GM,GM.Overdriven Guitar,0,0,30,,,,,
,GM,GM.Distortion Guitar,0,0,31,,,,,
,GM,GM.Guitar Harmonics,0,0,32,,,,,
,GM,GM.Acoustic Bass,0,0,33,,,,,
,GM,GM.Electric Bass(finder)/Fingered Bass,0,0,34,,,,,
,GM,GM.Electric Bass(pick)/Picked Bass,0,0,35,,,,,
,GM,GM.Fretless Bass,0,0,36,,,,,
,GM,GM.Slap Bass 1,0,0,37,,,,,
,GM,GM.Slap Bass 2,0,0,38,,,,,
,GM,GM.Synth Bass 1,0,0,39,,,,,
,GM,GM.Synth Bass 2,0,0,40,,,,,
,GM,GM.Violin,0,0,41,,,,,
,GM,GM.Viola,0,0,42,,,,,
,GM,GM.Cello,0,0,43,,,,,
,GM,GM.Contrabass,0,0,44,,,,,
,GM,GM.Tremolo Strings,0,0,45,,,,,
,GM,GM.Pizzicato Strings,0,0,46,,,,,
,GM,GM.Orchestral Harp,0,0,47,,,,,
,GM,GM.Timpani,0,0,48,,,,,
,GM,GM.Strings Ensemble 1/Strings,0,0,49,,,,,
,GM,GM.Strings Ensemble 2/Slow Strings,0,0,50,,,,,
,GM,GM.Syn.Strings 1,0,0,51,,,,,
,GM,GM.Syn.Strings 2,0,0,52,,,,,
,GM,GM.Choir Aahs,0,0,53,,,,,
,GM,GM.Voice Oohs,0,0,54,,,,,
,GM,GM.Synvox,0,0,55,,,,,
,GM,GM.Orchestra Hit,0,0,56,,,,,
,GM,GM.Trumpet,0,0,57,,,,,
,GM,GM.Trombone,0,0,58,,,,,
,GM,GM.Tuba,0,0,59,,,,,
,GM,GM.MutedTrumpet,0,0,60,,,,,
,GM,GM.French Horn,0,0,61,,,,,
,GM,GM.Brass Section/Brass 1,0,0,62,,,,,
,GM,GM.Synth Brass 1,0,0,63,,,,,
,GM,GM.Synth Brass 2,0,0,64,,,,,
,GM,GM.Soprano Sax,0,0,65,,,,,
,GM,GM.Alto Sax,0,0,66,,,,,
,GM,GM.Tenor Sax,0,0,67,,,,,
,GM,GM.Baritone Sax,0,0,68,,,,,
,GM,GM.Oboe,0,0,69,,,,,
,GM,GM.English Horn,0,0,70,,,,,
,GM,GM.Bassoon,0,0,71,,,,,
,GM,GM.Clarinet,0,0,72,,,,,
,GM,GM.Piccolo,0,0,73,,,,,
,GM,GM.Flute,0,0,74,,,,,
,GM,GM.Recorder,0,0,75,,,,,
,GM,GM.Pan Flute,0,0,76,,,,,
,GM,GM.Blown Bottle/Bottle Blow,0,0,77,,,,,
,GM,GM.Shakuhachi,0,0,78,,,,,
,GM,GM.Whistle,0,0,79,,,,,
,GM,GM.Ocarina,0,0,80,,,,,
,GM,GM.Lead 1 (square)/Square Wave,0,0,81,,,,,
,GM,GM.Lead 2 (sawtooth)/Saw Wave,0,0,82,,,,,
,GM,GM.Lead 3 (calliope)/Syn.Calliope,0,0,83,,,,,
,GM,GM.Lead 4 (chiff)/Chiffer Lead,0,0,84,,,,,
,GM,GM.Lead 5 (charang)/Charang,0,0,85,,,,,
,GM,GM.Lead 6 (voice)/Solo Vox,0,0,86,,,,,
,GM,GM.Lead 7 (fifths)/5th Saw Wave,0,0,87,,,,,
,GM,GM.Lead 8 (bass+lead)/Bass & Lead,0,0,88,,,,,
,GM,GM.Pad 1 (new age)/Fantasia,0,0,89,,,,,
,GM,GM.Pad 2 (warm)/Warm Pad,0,0,90,,,,,
,GM,GM.Pad 3 (polysynth)/Polysynth,0,0,91,,,,,
,GM,GM.Pad 4 (choir)/Space Voice,0,0,92,,,,,
,GM,GM.Pad 5 (bowed)/Bowed Glass,0,0,93,,,,,
,GM,GM.Pad 6 (metallic)/Metal Pad,0,0,94,,,,,
,GM,GM.Pad 7 (halo)/Halo Pad,0,0,95,,,,,
,GM,GM.Pad 8 (sweep)/Sweep Pad,0,0,96,,,,,
,GM,GM.FX 1 (rain)/Ice Rain,0,0,97,,,,,
,GM,GM.FX 2 (soundtrack)/Soundtrack,0,0,98,,,,,
,GM,GM.FX 3 (crystal)/Crystal,0,0,99,,,,,
,GM,GM.FX 4 (atmosphere)/Atmosphere,0,0,100,,,,,
,GM,GM.FX 5 (brightness)/Brightness,0,0,101,,,,,
,GM,GM.FX 6 (goblins)/Goblin,0,0,102,,,,,
,GM,GM.FX 7 (echoes)/Echo Drops,0,0,103,,,,,
,GM,GM.FX 8 (sci-fi)/Star Theme,0,0,104,,,,,
,GM,GM.Sitar,0,0,105,,,,,
,GM,GM.Banjo,0,0,106,,,,,
,GM,GM.Shamisen,0,0,107,,,,,
,GM,GM.Koto,0,0,108,,,,,
,GM,GM.Kalimba,0,0,109,,,,,
,GM,GM.Bagpipe,0,0,110,,,,,
,GM,GM.Fiddle,0,0,111,,,,,
,GM,GM.Shanai,0,0,112,,,,,
,GM,GM.Tinkle Bell,0,0,113,,,,,
,GM,GM.Agogo,0,0,114,,,,,
,GM,GM.Steel Drums,0,0,115,,,,,
,GM,GM.Woodblock,0,0,116,,,,,
,GM,GM.Taiko Drum,0,0,117,,,,,
,GM,GM.Melodic Tom,0,0,118,,,,,
,GM,GM.Synth Drum,0,0,119,,,,,
,GM,GM.Reverse Cymbals,0,0,120,,,,,
,GM,GM.Guitar Fret Noise,0,0,121,,,,,
,GM,GM.Breath Noise,0,0,122,,,,,
,GM,GM.Seashore,0,0,123,,,,,
,GM,GM.Bird Tweet,0,0,124,,,,,
,GM,GM.Telephone Ring,0,0,125,,,,,
,GM,GM.Helicopter,0,0,126,,,,,
,GM,GM.Applause,0,0,127,,,,,
,GM,GM.Gun Shot,0,0,128,,,,,
,GS,GS.Piano 1w,8,0,1,,,,,
,GS,GS.Piano 1d,16,0,1,,,,,
,GS,GS.Piano 2w,8,0,2,,,,,
,GS,GS.Piano 3w,8,0,3,,,,,
,GS,GS.Honky-tonk w/Old Upright,8,0,4,,,,,
,GS,GS.Detuned EP 1,8,0,5,,,,,
,GS,GS.E.Piano 1w,16,0,5,,,,,
,GS,GS.60's E.Piano,24,0,5,,,,,
,GS,GS.Detuned EP 2,8,0,6,,,,,
,GS,GS.E.Piano 2w/Soft FM EP,16,0,6,,,,,
,GS,GS.Coupled Hps.,8,0,7,,,,,
,GS,GS.Harpsi.w,16,0,7,,,,,
,GS,GS.Harpsi.o,24,0,7,,,,,
,GS,GS.Vib.w,8,0,12,,,,,
,GS,GS.Marimba_w,8,0,13,,,,,
,GS,GS.Church Bell,8,0,15,,,,,
,GS,GS.Carillon,9,0,15,,,,,
,GS,GS.Detuned Or.1,8,0,17,,,,,
,GS,GS.60's Organ 1,16,0,17,,,,,
,GS,GS.Organ 4,32,0,17,,,,,
,GS,GS.Detuned Or.2,8,0,18,,,,,
,GS,GS.Organ 5,32,0,18,,,,,
,GS,GS.Church Org.2,8,0,20,,,,,
,GS,GS.Church Org.3,16,0,20,,,,,
,GS,GS.Accordion It,8,0,22,,,,,
,GS,GS.Ukulele,8,0,25,,,,,
,GS,GS.Nylon Gt.o,16,0,25,,,,,
,GS,GS.Nylon Gt.2,32,0,25,,,,,
,GS,GS.12-str Guitar,8,0,26,,,,,
,GS,GS.Mandolin,16,0,26,,,,,
,GS,GS.Hawaiian Gt./Pedal Steel,8,0,27,,,,,
,GS,GS.Chorus Gt.,8,0,28,,,,,
,GS,GS.Funk Gt/Funk Pop,8,0,29,,,,,
,GS,GS.Funk Gt.2,16,0,29,,,,,
,GS,GS.Feedback Gt.,8,0,31,,,,,
,GS,GS.Gt.Feedback,8,0,32,,,,,
,GS,GS.Synth Bass 101,1,0,39,,,,,
,GS,GS.Synth Bass 3/Acid Bass,8,0,39,,,,,
,GS,GS.Synth Bass 4/Beef FM Bass,8,0,40,,,,,
,GS,GS.Rubber Bass,16,0,40,,,,,
,GS,GS.Slow Violin,8,0,41,,,,,
,GS,GS.Orchestra,8,0,49,,,,,
,GS,GS.Syn.Strings 3,8,0,51,,,,,
,GS,GS.Choir Aahs 2,32,0,53,,,,,
,GS,GS.Trombone 2,1,0,58,,,,,
,GS,GS.French Horn2,1,0,61,,,,,
,GS,GS.Brass 2,8,0,62,,,,,
,GS,GS.Synth Brass 3,8,0,63,,,,,
,GS,GS.Analog Brass1/Octave Brass,16,0,63,,,,,
,GS,GS.Synth Brass 4,8,0,64,,,,,
,GS,GS.Analog Brass 2/Velo Brass 1,16,0,64,,,,,
,GS,GS.Square,1,0,81,,,,,
,GS,GS.Sine Wave,8,0,81,,,,,
,GS,GS.Saw,1,0,82,,,,,
,GS,GS.Doctor Solo,8,0,82,,,,,
,GS,GS.Syn Mallet,1,0,99,,,,,
,GS,GS.Echo Bell,1,0,103,,,,,
,GS,GS.Echo Pan,2,0,103,,,,,
,GS,GS.Sitar 2,1,0,105,,,,,
,GS,GS.Taisho Koto,8,0,108,,,,,
,GS,GS.Castanets,8,0,116,,,,,
,GS,GS.Concert Bass Drum,8,0,117,,,,,
,GS,GS.Melo. Tom 2,8,0,118,,,,,
,GS,GS.Tom,8,0,119,,,,,
,GS,GS.Elec Perc,9,0,119,,,,,
,GS,GS.Gt. Cut Noise,1,0,121,,,,,
,GS,GS.String Slap,2,0,121,,,,,
,GS,GS.Flute Key Click,1,0,122,,,,,
,GS,GS.Rain,1,0,123,,,,,
,GS,GS.Thunder,2,0,123,,,,,
,GS,GS.Wind,3,0,123,,,,,
,GS,GS.Stream,4,0,123,,,,,
,GS,GS.Bubble,5,0,123,,,,,
,GS,GS.Dog,1,0,124,,,,,
,GS,GS.Horse-Gallop,2,0,124,,,,,
,GS,GS.Bird 2,3,0,124,,,,,
,GS,GS.Telephone 2,1,0,125,,,,,
,GS,GS.Door Creaking,2,0,125,,,,,
,GS,GS.Door Close,3,0,125,,,,,
,GS,GS.Scratch,4,0,125,,,,,
,GS,GS.Windchime,5,0,125,,,,,
,GS,GS.Car-Engine,1,0,126,,,,,
,GS,GS.Car-Stop,2,0,126,,,,,
,GS,GS.Car-Pass,3,0,126,,,,,
,GS,GS.Car-Crash,4,0,126,,,,,
,GS,GS.Siren,5,0,126,,,,,
,GS,GS.Train,6,0,126,,,,,
,GS,GS.Jetplane,7,0,126,,,,,
,GS,GS.Starship,8,0,126,,,,,
,GS,GS.Burst Noise,9,0,126,,,,,
,GS,GS.Laughing,1,0,127,,,,,
,GS,GS.Screaming,2,0,127,,,,,
,GS,GS.Punch,3,0,127,,,,,
,GS,GS.Heart Beat,4,0,127,,,,,
,GS,GS.Footsteps,5,0,127,,,,,
,GS,GS.Machine Gun,1,0,128,,,,,
,GS,GS.Lasergun,2,0,128,,,,,
,GS,GS.Explosion,3,0,128,,,,,
,MT-32,MT-32.Acou Piano 1,127,0,1,,,,,
,MT-32,MT-32.Acou Piano 2,127,0,2,,,,,
,MT-32,MT-32.Acou Piano 3,127,0,3,,,,,
,MT-32,MT-32.Elec Piano 1,127,0,4,,,,,
,MT-32,MT-32.Elec Piano 2,127,0,5,,,,,
,MT-32,MT-32.Elec Piano 3,127,0,6,,,,,
,MT-32,MT-32.Elec Piano 4,127,0,7,,,,,
,MT-32,MT-32.Honkytonk,127,0,8,,,,,
,MT-32,MT-32.Elec Org 1,127,0,9,,,,,
,MT-32,MT-32.Elec Org 2,127,0,10,,,,,
,MT-32,MT-32.Elec Org 3,127,0,11,,,,,
,MT-32,MT-32.Elec Org 4,127,0,12,,,,,
,MT-32,MT-32.Pipe Org 1,127,0,13,,,,,
,MT-32,MT-32.Pipe Org 2,127,0,14,,,,,
,MT-32,MT-32.Pipe Org 3,127,0,15,,,,,
,MT-32,MT-32.Accordion,127,0,16,,,,,
,MT-32,MT-32.Harpsi 1,127,0,17,,,,,
,MT-32,MT-32.Harpsi 2,127,0,18,,,,,
,MT-32,MT-32.Harpsi 3,127,0,19,,,,,
,MT-32,MT-32.Clavi 1,127,0,20,,,,,
,MT-32,MT-32.Clavi 2,127,0,21,,,,,
,MT-32,MT-32.Clavi 3,127,0,22,,,,,
,MT-32,MT-32.Celesta1,127,0,23,,,,,
,MT-32,MT-32.Celesta2,127,0,24,,,,,
,MT-32,MT-32.Syn Brass 1,127,0,25,,,,,
,MT-32,MT-32.Syn Brass 2,127,0,26,,,,,
,MT-32,MT-32.Syn Brass 3,127,0,27,,,,,
,MT-32,MT-32.Syn Brass 4,127,0,28,,,,,
,MT-32,MT-32.Syn Bass 1,127,0,29,,,,,
,MT-32,MT-32.Syn Bass 2,127,0,30,,,,,
,MT-32,MT-32.Syn Bass 3,127,0,31,,,,,
,MT-32,MT-32.Syn Bass 4,127,0,32,,,,,
,MT-32,MT-32.Fantasy,127,0,33,,,,,
,MT-32,MT-32.Harmo Pan,127,0,34,,,,,
,MT-32,MT-32.Chorale,127,0,35,,,,,
,MT-32,MT-32.Glasses,127,0,36,,,,,
,MT-32,MT-32.Soundtrack,127,0,37,,,,,
,MT-32,MT-32.Atmosphere,127,0,38,,,,,
,MT-32,MT-32.Warm Bell,127,0,39,,,,,
,MT-32,MT-32.Funny Vox,127,0,40,,,,,
,MT-32,MT-32.Echo Bell,127,0,41,,,,,
,MT-32,MT-32.Ice Rain,127,0,42,,,,,
,MT-32,MT-32.Oboe 2001,127,0,43,,,,,
,MT-32,MT-32.Echo Pan,127,0,44,,,,,
,MT-32,MT-32.Doctor Solo,127,0,45,,,,,
,MT-32,MT-32.School Daze,127,0,46,,,,,
,MT-32,MT-32.Bellsinger,127,0,47,,,,,
,MT-32,MT-32.Square Wave,127,0,48,,,,,
,MT-32,MT-32.Str Sect 1,127,0,49,,,,,
,MT-32,MT-32.Str Sect 2,127,0,50,,,,,
,MT-32,MT-32.Str Sect 3,127,0,51,,,,,
,MT-32,MT-32.Pizzicato,127,0,52,,,,,
,MT-32,MT-32.Violin 1,127,0,53,,,,,
,MT-32,MT-32.Violin 2,127,0,54,,,,,
,MT-32,MT-32.Cello 1,127,0,55,,,,,
,MT-32,MT-32.Cello 2,127,0,56,,,,,
,MT-32,MT-32.Contrabass,127,0,57,,,,,
,MT-32,MT-32.Harp 1,127,0,58,,,,,
,MT-32,MT-32.Harp 2,127,0,59,,,,,
,MT-32,MT-32.Guitar 1,127,0,60,,,,,
,MT-32,MT-32.Guitar 2,127,0,61,,,,,
,MT-32,MT-32.Elec Gtr 1,127,0,62,,,,,
,MT-32,MT-32.Elect Gtr 2,127,0,63,,,,,
,MT-32,MT-32.Sitar,127,0,64,,,,,
,MT-32,MT-32.Acou Bass 1,127,0,65,,,,,
,MT-32,MT-32.Acou Bass 2,127,0,66,,,,,
,MT-32,MT-32.Elec Bass 1,127,0,67,,,,,
,MT-32,MT-32.Elec Bass 2,127,0,68,,,,,
,MT-32,MT-32.Slap Bass 1,127,0,69,,,,,
,MT-32,MT-32.Slap Bass 2,127,0,70,,,,,
,MT-32,MT-32.Fretless 1,127,0,71,,,,,
,MT-32,MT-32.Fretless 2,127,0,72,,,,,
,MT-32,MT-32.Flute 1,127,0,73,,,,,
,MT-32,MT-32.Flute 2,127,0,74,,,,,
,MT-32,MT-32.Piccolo 1,127,0,75,,,,,
,MT-32,MT-32.Piccolo 2,127,0,76,,,,,
,MT-32,MT-32.Recorder,127,0,77,,,,,
,MT-32,MT-32.Pan Pipes,127,0,78,,,,,
,MT-32,MT-32.Sax 1,127,0,79,,,,,
,MT-32,MT-32.Sax 2,127,0,80,,,,,
,MT-32,MT-32.Sax 3,127,0,81,,,,,
,MT-32,MT-32.Sax 4,127,0,82,,,,,
,MT-32,MT-32.Clarinet 1,127,0,83,,,,,
,MT-32,MT-32.Clarinet 2,127,0,84,,,,,
,MT-32,MT-32.Oboe,127,0,85,,,,,
,MT-32,MT-32.Engl Horn,127,0,86,,,,,
,MT-32,MT-32.Bassoon,127,0,87,,,,,
,MT-32,MT-32.Harmonica,127,0,88,,,,,
,MT-32,MT-32.Trumpet 1,127,0,89,,,,,
,MT-32,MT-32.Trumpet 2,127,0,90,,,,,
,MT-32,MT-32.Trombone 1,127,0,91,,,,,
,MT-32,MT-32.Trombone 2,127,0,92,,,,,
,MT-32,MT-32.Fr Horn 1,127,0,93,,,,,
,MT-32,MT-32.Fr Horn 2,127,0,94,,,,,
,MT-32,MT-32.Tuba,127,0,95,,,,,
,MT-32,MT-32.Brs Sect 1,127,0,96,,,,,
,MT-32,MT-32.Brs Sect 2,127,0,97,,,,,
,MT-32,MT-32.Vibe 1,127,0,98,,,,,
,MT-32,MT-32.Vibe 2,127,0,99,,,,,
,MT-32,MT-32.Syn Mallet,127,0,100,,,,,
,MT-32,MT-32.Windbell,127,0,101,,,,,
,MT-32,MT-32.Glock,127,0,102,,,,,
,MT-32,MT-32.Tube Bell,127,0,103,,,,,
,MT-32,MT-32.Xylophone,127,0,104,,,,,
,MT-32,MT-32.Marimba,127,0,105,,,,,
,MT-32,MT-32.Koto,127,0,106,,,,,
,MT-32,MT-32.Sho,127,0,107,,,,,
,MT-32,MT-32.Shakuhachi,127,0,108,,,,,
,MT-32,MT-32.Whistle 1,127,0,109,,,,,
,MT-32,MT-32.Whistle 2,127,0,110,,,,,
,MT-32,MT-32.Bottleblow,127,0,111,,,,,
,MT-32,MT-32.Breathpipe,127,0,112,,,,,
,MT-32,MT-32.Timpani,127,0,113,,,,,
,MT-32,MT-32.Melodic Tom,127,0,114,,,,,
,MT-32,MT-32.Deep Snare,127,0,115,,,,,
,MT-32,MT-32.Elec Perc 1,127,0,116,,,,,
,MT-32,MT-32.Elec Perc 2,127,0,117,,,,,
,MT-32,MT-32.Taiko,127,0,118,,,,,
,MT-32,MT-32.Taiko Rim,127,0,119,,,,,
,MT-32,MT-32.Cymbal,127,0,120,,,,,
,MT-32,MT-32.Castanets,127,0,121,,,,,
,MT-32,MT-32.Triangle,127,0,122,,,,,
,MT-32,MT-32.Orche Hit,127,0,123,,,,,
,MT-32,MT-32.Telephone,127,0,124,,,,,
,MT-32,MT-32.Bird Tweet,127,0,125,,,,,
,MT-32,MT-32.One Note Jam,127,0,126,,,,,
,MT-32,MT-32.Water Bell,127,0,127,,,,,
,MT-32,MT-32.Jungle Tune,127,0,128,,,,,
,SC-88,SC-88.EG+Rhodes1,1,0,3,,,,,
,SC-88,SC-88.EG+Rhodes2,2,0,3,,,,,
,SC-88,SC-88.Hard Rhodes,25,0,5,,,,,
,SC-88,SC-88.MellowRhodes,26,0,5,,,,,
,SC-88,SC-88.Hard FM EP,24,0,6,,,,,
,SC-88,SC-88.Hard Vibe,1,0,12,,,,,
,SC-88,SC-88.Barafon,16,0,13,,,,,
,SC-88,SC-88.Barafon 2,17,0,13,,,,,
,SC-88,SC-88.Log Drum,24,0,13,,,,,
,SC-88,SC-88.Santur 2,1,0,16,,,,,
,SC-88,SC-88.Cimbalom,8,0,16,,,,,
,SC-88,SC-88.Organ 101,1,0,17,,,,,
,SC-88,SC-88.Organ 109,9,0,17,,,,,
,SC-88,SC-88.60's Organ 2,17,0,17,,,,,
,SC-88,SC-88.60's Organ 3,18,0,17,,,,,
,SC-88,SC-88.Cheese Organ,24,0,17,,,,,
,SC-88,SC-88.Even Bar,33,0,17,,,,,
,SC-88,SC-88.Organ Bass,40,0,17,,,,,
,SC-88,SC-88.Organ 201,1,0,18,,,,,
,SC-88,SC-88.Rotary Org.,8,0,19,,,,,
,SC-88,SC-88.Rotary Org.S,16,0,19,,,,,
,SC-88,SC-88.Rotary Org.F,24,0,19,,,,,
,SC-88,SC-88.Organ Flute,24,0,20,,,,,
,SC-88,SC-88.Trem.Flute,32,0,20,,,,,
,SC-88,SC-88.Harmonica2,1,0,23,,,,,
,SC-88,SC-88.Velo Harmnix,24,0,25,,,,,
,SC-88,SC-88.Lequint Gt.,40,0,25,,,,,
,SC-88,SC-88.Nylon+Steel,9,0,26,,,,,
,SC-88,SC-88.Steel Gt.2,32,0,26,,,,,
,SC-88,SC-88.Mellow Gt.,1,0,27,,,,,
,SC-88,SC-88.Muted Dis.Gt,1,0,29,,,,,
,SC-88,SC-88.Dist.Gt 2,1,0,31,,,,,
,SC-88,SC-88.Dazed Guitar,2,0,31,,,,,
,SC-88,SC-88.Feedback Gt2,9,0,31,,,,,
,SC-88,SC-88.Power Guitar,16,0,31,,,,,
,SC-88,SC-88.Power Gt.2,17,0,31,,,,,
,SC-88,SC-88.5th Dist.,18,0,31,,,,,
,SC-88,SC-88.Rock Rhythm,24,0,31,,,,,
,SC-88,SC-88.Rock Rhythm2,25,0,31,,,,,
,SC-88,SC-88.Ac.Gt.Harmonx,16,0,32,,,,,
,SC-88,SC-88.Fingered Bs2,1,0,34,,,,,
,SC-88,SC-88.Jazz Bass,2,0,34,,,,,
,SC-88,SC-88.Mute PickBs.,8,0,35,,,,,
,SC-88,SC-88.Fretless Bs2,1,0,36,,,,,
,SC-88,SC-88.Fretless Bs3,2,0,36,,,,,
,SC-88,SC-88.Fretless Bs4,3,0,36,,,,,
,SC-88,SC-88.Mr.Smooth,5,0,36,,,,,
,SC-88,SC-88.Reso Slap,8,0,37,,,,,
,SC-88,SC-88.Tekno Bass,10,0,39,,,,,
,SC-88,SC-88.Reso SH Bass,16,0,39,,,,,
,SC-88,SC-88.Synth Bass 201,1,0,40,,,,,
,SC-88,SC-88.Modular Bass,2,0,40,,,,,
,SC-88,SC-88.Seq Bass,3,0,40,,,,,
,SC-88,SC-88.X Wire Bass,9,0,40,,,,,
,SC-88,SC-88.SH101 Bass 1,17,0,40,,,,,
,SC-88,SC-88.SH101 Bass 2,18,0,40,,,,,
,SC-88,SC-88.Smooth Bass,19,0,40,,,,,
,SC-88,SC-88.Slow Tremolo,8,0,45,,,,,
,SC-88,SC-88.Suspense Str,9,0,45,,,,,
,SC-88,SC-88.Strings 2,1,0,49,,,,,
,SC-88,SC-88.Orchestra2,9,0,49,,,,,
,SC-88,SC-88.Tremolo Orch,10,0,49,,,,,
,SC-88,SC-88.Choir Str.,11,0,49,,,,,
,SC-88,SC-88.St.Strings,16,0,49,,,,,
,SC-88,SC-88.Velo Strings,24,0,49,,,,,
,SC-88,SC-88.SlowStrings2,1,0,50,,,,,
,SC-88,SC-88.Legato Str.,8,0,50,,,,,
,SC-88,SC-88.Warm Strings,9,0,50,,,,,
,SC-88,SC-88.St.Slow Str.,10,0,50,,,,,
,SC-88,SC-88.OB Strings,1,0,51,,,,,
,SC-88,SC-88.St.Choir,8,0,53,,,,,
,SC-88,SC-88.Mello Choir,9,0,53,,,,,
,SC-88,SC-88.Syn.Voice,8,0,55,,,,,
,SC-88,SC-88.Impact Hit,8,0,56,,,,,
,SC-88,SC-88.Philly Hit,9,0,56,,,,,
,SC-88,SC-88.Double Hit,10,0,56,,,,,
,SC-88,SC-88.Lo Fi Rave,16,0,56,,,,,
,SC-88,SC-88.Trumpet 2,1,0,57,,,,,
,SC-88,SC-88.Flugel Horn,8,0,57,,,,,
,SC-88,SC-88.Bright Tp.,24,0,57,,,,,
,SC-88,SC-88.Warm Tp.,25,0,57,,,,,
,SC-88,SC-88.Tuba2,1,0,59,,,,,
,SC-88,SC-88.Fr.Horn Solo,8,0,61,,,,,
,SC-88,SC-88.Horn Orch,16,0,61,,,,,
,SC-88,SC-88.Brass Fall,16,0,62,,,,,
,SC-88,SC-88.Poly Brass,1,0,63,,,,,
,SC-88,SC-88.Quack Brass,9,0,63,,,,,
,SC-88,SC-88.Soft Brass,1,0,64,,,,,
,SC-88,SC-88.Velo Brass 2,17,0,64,,,,,
,SC-88,SC-88.Hyper Alto,8,0,66,,,,,
,SC-88,SC-88.BreathyTenor,8,0,67,,,,,
,SC-88,SC-88.Bs.Clarinet,8,0,72,,,,,
,SC-88,SC-88.Kawala,8,0,76,,,,,
,SC-88,SC-88.Hollow Mini,2,0,81,,,,,
,SC-88,SC-88.Mellow FM,3,0,81,,,,,
,SC-88,SC-88.CC Solo,4,0,81,,,,,
,SC-88,SC-88.Shmoog,5,0,81,,,,,
,SC-88,SC-88.LM Square,6,0,81,,,,,
,SC-88,SC-88.Pulse Saw,2,0,82,,,,,
,SC-88,SC-88.Feline GR,3,0,82,,,,,
,SC-88,SC-88.Big Lead,4,0,82,,,,,
,SC-88,SC-88.Velo Lead,5,0,82,,,,,
,SC-88,SC-88.GR-300,6,0,82,,,,,
,SC-88,SC-88.LA Saw,7,0,82,,,,,
,SC-88,SC-88.Waspy Synth,16,0,82,,,,,
,SC-88,SC-88.Vent Synth,1,0,83,,,,,
,SC-88,SC-88.Pure PanLead,2,0,83,,,,,
,SC-88,SC-88.Dist.Lead,8,0,85,,,,,
,SC-88,SC-88.Big Fives,1,0,87,,,,,
,SC-88,SC-88.Big & Raw,1,0,88,,,,,
,SC-88,SC-88.Fat & Perky,2,0,88,,,,,
,SC-88,SC-88.Fantasia 2,1,0,89,,,,,
,SC-88,SC-88.Thick Pad,1,0,90,,,,,
,SC-88,SC-88.Horn Pad,2,0,90,,,,,
,SC-88,SC-88.RotaryString,3,0,90,,,,,
,SC-88,SC-88.Soft Pad,4,0,90,,,,,
,SC-88,SC-88.80's PolySyn,1,0,91,,,,,
,SC-88,SC-88.Heaven II,1,0,92,,,,,
,SC-88,SC-88.Tine Pad,1,0,94,,,,,
,SC-88,SC-88.Panner Pad,2,0,94,,,,,
,SC-88,SC-88.Polar Pad,1,0,96,,,,,
,SC-88,SC-88.Converge,8,0,96,,,,,
,SC-88,SC-88.Shwimmer,9,0,96,,,,,
,SC-88,SC-88.Celestial Pd,10,0,96,,,,,
,SC-88,SC-88.Harmo Rain,1,0,97,,,,,
,SC-88,SC-88.African Wood,2,0,97,,,,,
,SC-88,SC-88.Clavi Pad,8,0,97,,,,,
,SC-88,SC-88.Ancestral,1,0,98,,,,,
,SC-88,SC-88.Prologue,2,0,98,,,,,
,SC-88,SC-88.Rave,8,0,98,,,,,
,SC-88,SC-88.Soft Crystal,2,0,99,,,,,
,SC-88,SC-88.Round Glock,3,0,99,,,,,
,SC-88,SC-88.Loud Glock,4,0,99,,,,,
,SC-88,SC-88.GlockenChime,5,0,99,,,,,
,SC-88,SC-88.Clear Bells,6,0,99,,,,,
,SC-88,SC-88.ChristmasBel,7,0,99,,,,,
,SC-88,SC-88.Vibra Bells,8,0,99,,,,,
,SC-88,SC-88.Digi Bells,9,0,99,,,,,
,SC-88,SC-88.Choral Bells,16,0,99,,,,,
,SC-88,SC-88.Air Bells,17,0,99,,,,,
,SC-88,SC-88.Bell Harp,18,0,99,,,,,
,SC-88,SC-88.Gamelimba,19,0,99,,,,,
,SC-88,SC-88.Warm Atmos,1,0,100,,,,,
,SC-88,SC-88.Nylon Harp,2,0,100,,,,,
,SC-88,SC-88.Harpvox,3,0,100,,,,,
,SC-88,SC-88.HollowReleas,4,0,100,,,,,
,SC-88,SC-88.Nylon+Rhodes,5,0,100,,,,,
,SC-88,SC-88.Ambient Pad,6,0,100,,,,,
,SC-88,SC-88.Goblinson,1,0,102,,,,,
,SC-88,SC-88.50's Sci-Fi,2,0,102,,,,,
,SC-88,SC-88.Echo Pan 2,3,0,103,,,,,
,SC-88,SC-88.Big Panner,4,0,103,,,,,
,SC-88,SC-88.Reso Panner,5,0,103,,,,,
,SC-88,SC-88.Water Piano,6,0,103,,,,,
,SC-88,SC-88.Star Theme 2,1,0,104,,,,,
,SC-88,SC-88.Detune Sitar,2,0,105,,,,,
,SC-88,SC-88.Tambra,8,0,105,,,,,
,SC-88,SC-88.Tamboura,16,0,105,,,,,
,SC-88,SC-88.Muted Banjo,1,0,106,,,,,
,SC-88,SC-88.Rabab,8,0,106,,,,,
,SC-88,SC-88.Gopichant,16,0,106,,,,,
,SC-88,SC-88.Oud,24,0,106,,,,,
,SC-88,SC-88.Tsugaru,1,0,107,,,,,
,SC-88,SC-88.Kanoon,16,0,108,,,,,
,SC-88,SC-88.Shanai 2,1,0,112,,,,,
,SC-88,SC-88.Pungi,8,0,112,,,,,
,SC-88,SC-88.Hichiriki,16,0,112,,,,,
,SC-88,SC-88.Bonang,8,0,113,,,,,
,SC-88,SC-88.Gender,9,0,113,,,,,
,SC-88,SC-88.Gamelan Gong,10,0,113,,,,,
,SC-88,SC-88.St.Gamelan,11,0,113,,,,,
,SC-88,SC-88.RAMA Cymbal,16,0,113,,,,,
,SC-88,SC-88.Atarigane,8,0,114,,,,,
,SC-88,SC-88.Real Tom,1,0,118,,,,,
,SC-88,SC-88.Rock Tom,9,0,118,,,,,
,SC-88,SC-88.Reverse Cym2,1,0,120,,,,,
,SC-88,SC-88.Rev.Snare 1,8,0,120,,,,,
,SC-88,SC-88.Rev.Snare 2,9,0,120,,,,,
,SC-88,SC-88.Rev.Kick 1,16,0,120,,,,,
,SC-88,SC-88.Rev.ConBD,17,0,120,,,,,
,SC-88,SC-88.Rev.Tom 1,24,0,120,,,,,
,SC-88,SC-88.Rev.Tom 2,25,0,120,,,,,
,SC-88,SC-88.Gt.CutNoise2,3,0,121,,,,,
,SC-88,SC-88.Dist.CutNoise,4,0,121,,,,,
,SC-88,SC-88.Bass Slide,5,0,121,,,,,
,SC-88,SC-88.Pick Scrape,6,0,121,,,,,
,SC-88,SC-88.Kitty,4,0,124,,,,,
,SC-88,SC-88.Growl,5,0,124,,,,,
,SC-88,SC-88.Scratch 2,7,0,125,,,,,
,SC-88,SC-88.Applause 2,6,0,127,,,,,
,XG,XG.Grand PianoK,0,1,1,,,,,
,XG,XG.MelloGrP,0,18,1,,,,,
,XG,XG.PianoStr,0,40,1,,,,,
,XG,XG.Dream,0,41,1,,,,,
,XG,XG.Bright Piano K,0,1,2,,,,,
,XG,XG.Electric Grand Piano K,0,1,3,,,,,
,XG,XG.Det.CP80,0,32,3,,,,,
,XG,XG.ElGrPno1,0,40,3,,,,,
,XG,XG.ElGrPno2,0,41,3,,,,,
,XG,XG.Honky Tonk K,0,1,4,,,,,
,XG,XG.Electric Piano 1K,0,1,5,,,,,
,XG,XG.MelloEP1,0,18,5,,,,,
,XG,XG.Chor.EP1,0,32,5,,,,,
,XG,XG.HardEl.P,0,40,5,,,,,
,XG,XG.VX El.P1,0,45,5,,,,,
,XG,XG.60sEl.P,0,64,5,,,,,
,XG,XG.Electric Piano2K,0,1,6,,,,,
,XG,XG.Chor.EP2,0,32,6,,,,,
,XG,XG.DX Hard,0,33,6,,,,,
,XG,XG.DXLegend,0,34,6,,,,,
,XG,XG.DX Phase,0,40,6,,,,,
,XG,XG.DX+Analg,0,41,6,,,,,
,XG,XG.DXKotoEP,0,42,6,,,,,
,XG,XG.VX El.P2,0,45,6,,,,,
,XG,XG.Harpsichord K,0,1,7,,,,,
,XG,XG.Harpsi.2,0,25,7,,,,,
,XG,XG.Harpsi.3,0,35,7,,,,,
,XG,XG.Clavinet K,0,1,8,,,,,
,XG,XG.ClaviWah,0,27,8,,,,,
,XG,XG.PulseClv,0,64,8,,,,,
,XG,XG.PierceCl,0,65,8,,,,,
,XG,XG.ChurOrg3,0,32,20,,,,,
,XG,XG.ChurOrg2,0,35,20,,,,,
,XG,XG.NotreDam,0,40,20,,,,,
,XG,XG.OrgFlute,0,64,20,,,,,
,XG,XG.TrmOrgFl,0,65,20,,,,,
,XG,XG.Orgel,0,64,11,,,,,
,XG,XG.VibesK,0,1,12,,,,,
,XG,XG.HardVibe,0,45,12,,,,,
,XG,XG.MarimbaK,0,1,13,,,,,
,XG,XG.SineMrmb,0,64,13,,,,,
,XG,XG.Balafon2,0,97,13,,,,,
,XG,XG.Log Drum,0,98,13,,,,,
,XG,XG.Church Bell,0,96,15,,,,,
,XG,XG.Carillon,0,97,15,,,,,
,XG,XG.Dulcimr2,0,35,16,,,,,
,XG,XG.Cimbalom,0,96,16,,,,,
,XG,XG.Santur,0,97,16,,,,,
,XG,XG.DetDrwOr,0,32,17,,,,,
,XG,XG.60sDrOr1,0,33,17,,,,,
,XG,XG.60sDrOr2,0,34,17,,,,,
,XG,XG.70sDrOr1,0,35,17,,,,,
,XG,XG.DrawOrg2,0,36,17,,,,,
,XG,XG.60sDrOr3,0,37,17,,,,,
,XG,XG.EvenBar,0,38,17,,,,,
,XG,"XG.""16+2""""2/3""",0,40,17,,,,,
,XG,XG.Organ Ba,0,64,17,,,,,
,XG,XG.70sDrOr2,0,65,17,,,,,
,XG,XG.CheezOrg,0,66,17,,,,,
,XG,XG.DrawOrg3,0,67,17,,,,,
,XG,XG.70sPcOr1,0,24,18,,,,,
,XG,XG.DetPrcOr,0,32,18,,,,,
,XG,XG.LiteOrg,0,33,18,,,,,
,XG,XG.PercOrg2,0,37,18,,,,,
,XG,XG.RotaryOr,0,64,19,,,,,
,XG,XG.SlwRotar,0,65,19,,,,,
,XG,XG.FstRotar,0,66,19,,,,,
,XG,XG.Puff Org,0,40,21,,,,,
,XG,XG.AccordIt,0,32,22,,,,,
,XG,XG.Harmo 2,0,32,23,,,,,
,XG,XG.TngoAcd2,0,64,24,,,,,
,XG,XG.NylonGt2,0,16,25,,,,,
,XG,XG.NylonGt3,0,25,25,,,,,
,XG,XG.VelGtHrm,0,43,25,,,,,
,XG,XG.Ukelele,0,96,25,,,,,
,XG,XG.SteelGt2,0,16,26,,,,,
,XG,XG.12StrGtr,0,35,26,,,,,
,XG,XG.Nyln&Stl,0,40,26,,,,,
,XG,XG.Stl&Body,0,41,26,,,,,
,XG,XG.Mandolin,0,96,26,,,,,
,XG,XG.MelloGtr,0,18,27,,,,,
,XG,XG.JazzAmp,0,32,27,,,,,
,XG,XG.ChorusGt,0,32,28,,,,,
,XG,XG.FunkGtr1,0,40,29,,,,,
,XG,XG.MuteStlG,0,41,29,,,,,
,XG,XG.FunkGtr2,0,43,29,,,,,
,XG,XG.Jazz Man,0,45,29,,,,,
,XG,XG.Gt.Pinch,0,43,30,,,,,
,XG,XG.FeedbkGt,0,40,31,,,,,
,XG,XG.FeedbGt2,0,41,31,,,,,
,XG,XG.GtFeedbk,0,65,32,,,,,
,XG,XG.GtrHrmo2,0,66,32,,,,,
,XG,XG.Jazz Rhythm,0,40,33,,,,,
,XG,XG.VX Upright,0,45,33,,,,,
,XG,XG.FingrDrk,0,18,34,,,,,
,XG,XG.FlangeBa,0,27,34,,,,,
,XG,XG.Ba&DstEG,0,40,34,,,,,
,XG,XG.FngrSlap,0,43,34,,,,,
,XG,XG.FngBass2,0,45,34,,,,,
,XG,XG.ModAlem,0,65,34,,,,,
,XG,XG.MutePkBa,0,28,35,,,,,
,XG,XG.Fretles2,0,32,36,,,,,
,XG,XG.Fretles3,0,33,36,,,,,
,XG,XG.Fretles4,0,34,36,,,,,
,XG,XG.SynFretl,0,96,36,,,,,
,XG,XG.Smooth,0,97,36,,,,,
,XG,XG.ResoSlap,0,27,37,,,,,
,XG,XG.PunchThm,0,32,37,,,,,
,XG,XG.VeloSlap,0,43,38,,,,,
,XG,XG.SynBa1Dk,0,18,39,,,,,
,XG,XG.FastResB,0,20,39,,,,,
,XG,XG.AcidBass,0,24,39,,,,,
,XG,XG.Clv Bass,0,35,39,,,,,
,XG,XG.Techno Bass,0,40,39,,,,,
,XG,XG.Oscar,0,64,39,,,,,
,XG,XG.SqrBass,0,65,39,,,,,
,XG,XG.RubberBa,0,66,39,,,,,
,XG,XG.Hammer,0,96,39,,,,,
,XG,XG.MelloSB1,0,6,40,,,,,
,XG,XG.Seq Bass,0,12,40,,,,,
,XG,XG.SynBa1Dk,0,18,40,,,,,
,XG,XG.SynBa2Dk,0,19,40,,,,,
,XG,XG.SmthBa2,0,32,40,,,,,
,XG,XG.Modular Bass,0,40,40,,,,,
,XG,XG.DX Bass,0,41,40,,,,,
,XG,XG.X WireBa,0,64,40,,,,,
,XG,XG.SlowVln,0,8,41,,,,,
,XG,XG.ClkSynBa,0,18,41,,,,,
,XG,XG.SlowTrStr,0,8,45,,,,,
,XG,XG.Susp Str,0,40,45,,,,,
,XG,XG.Yang Chin,0,40,47,,,,,
,XG,XG.S.Strngs,0,3,49,,,,,
,XG,XG.SlowStr,0,8,49,,,,,
,XG,XG.ArcoStr,0,24,49,,,,,
,XG,XG.60sStrng,0,35,49,,,,,
,XG,XG.Orchestra,0,40,49,,,,,
,XG,XG.Orchstr2,0,41,49,,,,,
,XG,XG.TremOrch,0,42,49,,,,,
,XG,XG.VeloStr,0,45,49,,,,,
,XG,XG.S.SlwStr,0,3,50,,,,,
,XG,XG.LegatoSt,0,8,50,,,,,
,XG,XG.Warm Str,0,40,50,,,,,
,XG,XG.Kingdom,0,41,50,,,,,
,XG,XG.70s Str,0,64,50,,,,,
,XG,XG.ResoStr,0,27,51,,,,,
,XG,XG.Syn Str4,0,64,51,,,,,
,XG,XG.SS Str,0,65,51,,,,,
,XG,XG.S.Choir,0,3,53,,,,,
,XG,XG.Ch.Aahs2,0,16,53,,,,,
,XG,XG.MelChoir,0,32,53,,,,,
,XG,XG.ChoirStr,0,40,53,,,,,
,XG,XG.SynVox2,0,40,55,,,,,
,XG,XG.Choral,0,41,55,,,,,
,XG,XG.AnaVoice,0,64,55,,,,,
,XG,XG.OrchHit2,0,35,56,,,,,
,XG,XG.Impact,0,64,56,,,,,
,XG,XG.Trumpet2,0,16,57,,,,,
,XG,XG.BriteTrp,0,17,57,,,,,
,XG,XG.WarmTrp,0,32,57,,,,,
,XG,XG.Trmbone2,0,18,58,,,,,
,XG,XG.Tuba2,0,16,59,,,,,
,XG,XG.FrHrSolo,0,6,61,,,,,
,XG,XG.FrHorn2,0,32,61,,,,,
,XG,XG.HornOrch,0,37,61,,,,,
,XG,XG.Tp&TbSec,0,35,62,,,,,
,XG,XG.BrassSec2,0,40,62,,,,,
,XG,XG.HiBrass,0,41,62,,,,,
,XG,XG.MelloBrs,0,42,62,,,,,
,XG,XG.QuackBr,0,12,63,,,,,
,XG,XG.RezSynBr,0,20,63,,,,,
,XG,XG.PolyBrss,0,24,63,,,,,
,XG,XG.SynBras3,0,27,63,,,,,
,XG,XG.JumpBrss,0,32,63,,,,,
,XG,XG.AnaVelBr,0,45,63,,,,,
,XG,XG.AnaBrss1,0,64,63,,,,,
,XG,XG.Soft Brs,0,18,64,,,,,
,XG,XG.SynBras4,0,40,64,,,,,
,XG,XG.ChorBrss,0,41,64,,,,,
,XG,XG.VelBras2,0,45,64,,,,,
,XG,XG.AnaBras2,0,64,64,,,,,
,XG,XG.Sax Sect,0,40,66,,,,,
,XG,XG.HyprAlto,0,43,66,,,,,
,XG,XG.BrthTnSx,0,40,67,,,,,
,XG,XG.SoftTenr,0,41,67,,,,,
,XG,XG.TnrSax 2,0,64,67,,,,,
,XG,XG.Square 2,0,6,81,,,,,
,XG,XG.LMSquare,0,8,81,,,,,
,XG,XG.Hollow,0,18,81,,,,,
,XG,XG.Shmoog,0,19,81,,,,,
,XG,XG.Mellow,0,64,81,,,,,
,XG,XG.SoloSine,0,65,81,,,,,
,XG,XG.SineLead,0,66,81,,,,,
,XG,XG.Saw 2,0,6,82,,,,,
,XG,XG.ThickSaw,0,8,82,,,,,
,XG,XG.DynaSaw,0,18,82,,,,,
,XG,XG.DigiSaw,0,19,82,,,,,
,XG,XG.Big Lead,0,20,82,,,,,
,XG,XG.HeavySyn,0,24,82,,,,,
,XG,XG.WaspySyn,0,25,82,,,,,
,XG,XG.Pulse Saw,0,40,82,,,,,
,XG,XG.Dr. Lead,0,41,82,,,,,
,XG,XG.VeloLead,0,45,82,,,,,
,XG,XG.Seq Ana,0,96,82,,,,,
,XG,XG.Pure Pad,0,65,83,,,,,
,XG,XG.Rubby,0,64,84,,,,,
,XG,XG.DistLead,0,64,85,,,,,
,XG,XG.WireLead,0,65,85,,,,,
,XG,XG.SynthAah,0,24,86,,,,,
,XG,XG.VoxLead,0,64,86,,,,,
,XG,XG.Big Five,0,35,87,,,,,
,XG,XG.Big&Low,0,16,88,,,,,
,XG,XG.Fat&Prky,0,64,88,,,,,
,XG,XG.SoftWurl,0,65,88,,,,,
,XG,XG.Fantasy2,0,64,89,,,,,
,XG,XG.ThickPad,0,16,90,,,,,
,XG,XG.Soft Pad,0,17,90,,,,,
,XG,XG.SinePad,0,18,90,,,,,
,XG,XG.Horn Pad,0,64,90,,,,,
,XG,XG.RotarStr,0,65,90,,,,,
,XG,XG.PolyPd80,0,64,91,,,,,
,XG,XG.ClickPad,0,65,91,,,,,
,XG,XG.AnaPad,0,66,91,,,,,
,XG,XG.SquarPad,0,67,91,,,,,
,XG,XG.Heaven2,0,64,92,,,,,
,XG,XG.Itopia,0,66,92,,,,,
,XG,XG.CC Pad,0,67,92,,,,,
,XG,XG.Glacier,0,64,93,,,,,
,XG,XG.GlassPad,0,65,93,,,,,
,XG,XG.Tine Pad,0,64,94,,,,,
,XG,XG.Pan Pad,0,65,94,,,,,
,XG,XG.Shwimmer,0,20,96,,,,,
,XG,XG.Converge,0,27,96,,,,,
,XG,XG.PolarPad,0,64,96,,,,,
,XG,XG.Celstial,0,66,96,,,,,
,XG,XG.ClaviPad,0,45,97,,,,,
,XG,XG.HrmoRain,0,64,97,,,,,
,XG,XG.AfrcnWod,0,65,97,,,,,
,XG,XG.Caribean,0,66,97,,,,,
,XG,XG.Prologue,0,27,98,,,,,
,XG,XG.Ancestrl,0,64,98,,,,,
,XG,XG.SynDrCmp,0,12,99,,,,,
,XG,XG.Popcorn,0,14,99,,,,,
,XG,XG.TinyBell,0,18,99,,,,,
,XG,XG.RndGlock,0,35,99,,,,,
,XG,XG.GlockChi,0,40,99,,,,,
,XG,XG.ClearBel,0,41,99,,,,,
,XG,XG.ChorBell,0,42,99,,,,,
,XG,XG.SynMalet,0,64,99,,,,,
,XG,XG.SftCryst,0,65,99,,,,,
,XG,XG.LoudGlok,0,66,99,,,,,
,XG,XG.XmasBell,0,67,99,,,,,
,XG,XG.VibeBell,0,68,99,,,,,
,XG,XG.DigiBell,0,69,99,,,,,
,XG,XG.AirBells,0,70,99,,,,,
,XG,XG.BellHarp,0,71,99,,,,,
,XG,XG.Gamelmba,0,72,99,,,,,
,XG,XG.WarmAtms,0,18,100,,,,,
,XG,XG.HollwRls,0,19,100,,,,,
,XG,XG.NylonEP,0,40,100,,,,,
,XG,XG.NylnHarp,0,64,100,,,,,
,XG,XG.Harp Vox,0,65,100,,,,,
,XG,XG.AtmosPad,0,66,100,,,,,
,XG,XG.Planet,0,67,100,,,,,
,XG,XG.FantaBel,0,64,101,,,,,
,XG,XG.Smokey,0,96,101,,,,,
,XG,XG.GobSyn,0,64,102,,,,,
,XG,XG.50sSciFi,0,65,102,,,,,
,XG,XG.Ring Pad,0,66,102,,,,,
,XG,XG.Ritual,0,67,102,,,,,
,XG,XG.ToHeaven,0,68,102,,,,,
,XG,XG.Night,0,70,102,,,,,
,XG,XG.Glisten,0,71,102,,,,,
,XG,XG.BelChoir,0,96,102,,,,,
,XG,XG.EchoPad2,0,8,103,,,,,
,XG,XG.Echo Pan,0,14,103,,,,,
,XG,XG.EchoBell,0,64,103,,,,,
,XG,XG.Big Pan,0,65,103,,,,,
,XG,XG.SynPiano,0,66,103,,,,,
,XG,XG.Creation,0,67,103,,,,,
,XG,XG.Stardust,0,68,103,,,,,
,XG,XG.Reso Pan,0,69,103,,,,,
,XG,XG.Starz,0,64,104,,,,,
,XG,XG.DetSitar,0,32,105,,,,,
,XG,XG.Sitar 2,0,35,105,,,,,
,XG,XG.Tambra,0,96,105,,,,,
,XG,XG.Tamboura,0,97,105,,,,,
,XG,XG.MuteBnjo,0,28,106,,,,,
,XG,XG.Rabab,0,96,106,,,,,
,XG,XG.Gopichnt,0,97,106,,,,,
,XG,XG.Oud,0,98,106,,,,,
,XG,XG.T.Koto,0,96,108,,,,,
,XG,XG.Kanoon,0,97,108,,,,,
,XG,XG.Shanai2,0,64,112,,,,,
,XG,XG.Pungi,0,96,112,,,,,
,XG,XG.Hichriki,0,97,112,,,,,
,XG,XG.Bonang,0,96,113,,,,,
,XG,XG.Gender,0,97,113,,,,,
,XG,XG.Gamelan,0,98,113,,,,,
,XG,XG.S.Gamlan,0,99,113,,,,,
,XG,XG.Rama Cym,0,100,113,,,,,
,XG,XG.AsianBel,0,101,113,,,,,
,XG,XG.GlasPerc,0,97,115,,,,,
,XG,XG.ThaiBell,0,98,115,,,,,
,XG,XG.Castanets,0,96,116,,,,,
,XG,XG.Gr.Cassa,0,96,117,,,,,
,XG,XG.Mel Tom2,0,64,118,,,,,
,XG,XG.Real Tom,0,65,118,,,,,
,XG,XG.Rock Tom,0,66,118,,,,,
,XG,XG.Ana Tom,0,64,119,,,,,
,XG,XG.ElecPerc,0,65,119,,,,,
,XG,XG.CuttingNz,64,0,1,,,,,
,XG,XG.CuttingNz2,64,0,2,,,,,
,XG,XG.Str Slap,64,0,4,,,,,
,XG,XG.Flute Key Click,64,0,17,,,,,
,XG,XG.Rain,64,0,33,,,,,
,XG,XG.Thunder,64,0,34,,,,,
,XG,XG.Wind,64,0,35,,,,,
,XG,XG.Stream,64,0,36,,,,,
,XG,XG.Bubble,64,0,37,,,,,
,XG,XG.Feed,64,0,38,,,,,
,XG,XG.Dog,64,0,49,,,,,
,XG,XG.Horse,64,0,50,,,,,
,XG,XG.Bird 2,64,0,51,,,,,
,XG,XG.Ghost,64,0,55,,,,,
,XG,XG.Maou,64,0,56,,,,,
,XG,XG.Telephone Dial,64,0,65,,,,,
,XG,XG.Door Squeak,64,0,66,,,,,
,XG,XG.Door Slam,64,0,67,,,,,
,XG,XG.Scratch,64,0,68,,,,,
,XG,XG.Scratch 2,64,0,69,,,,,
,XG,XG.Wind Chime,64,0,70,,,,,
,XG,XG.Telephone 2,64,0,71,,,,,
,XG,XG.Car Engine,64,0,81,,,,,
,XG,XG.Car Stop,64,0,82,,,,,
,XG,XG.Car Pass,64,0,83,,,,,
,XG,XG.Car Crash,64,0,84,,,,,
,XG,XG.Siren,64,0,85,,,,,
,XG,XG.Train,64,0,86,,,,,
,XG,XG.Jetplane,64,0,87,,,,,
,XG,XG.Starship,64,0,88,,,,,
,XG,XG.Burst,64,0,89,,,,,
,XG,XG.Coaster,64,0,90,,,,,
,XG,XG.Submarine,64,0,91,,,,,
,XG,XG.Laughing,64,0,97,,,,,
,XG,XG.Scream,64,0,98,,,,,
,XG,XG.Punch,64,0,99,,,,,
,XG,XG.Heart,64,0,100,,,,,
,XG,XG.Foot Step,64,0,101,,,,,
,XG,XG.Machine Gun,64,0,113,,,,,
,XG,XG.Lasergun,64,0,114,,,,,
,XG,XG.Explosion,64,0,115,,,,,
,XG,XG.Firework,64,0,116,,,,,
